{

"images": [
    "run.png"
],

"frames": [
    [1, 1, 43, 49, 0, 0, 0],
    [46, 1, 42, 49, 0, 0, 0],
    [90, 1, 46, 48, 0, 0, 0],
    [138, 1, 45, 48, 0, 0, 0],
    [185, 1, 44, 48, 0, 0, 0],
    [231, 1, 40, 48, 0, 0, 0],
    [273, 1, 50, 47, 0, 0, 0],
    [325, 1, 46, 47, 0, 0, 0],
    [373, 1, 45, 47, 0, 0, 0],
    [420, 1, 48, 46, 0, 0, 0],
    [470, 1, 45, 46, 0, 0, 0],
    [517, 1, 38, 46, 0, 0, 0],
    [557, 1, 50, 45, 0, 0, 0],
    [609, 1, 49, 45, 0, 0, 0],
    [660, 1, 36, 45, 0, 0, 0],
    [698, 1, 50, 44, 0, 0, 0]
],

"animations": {
    "0": { "frames": [14] },
    "1": { "frames": [11] },
    "2": { "frames": [7] },
    "3": { "frames": [4] },
    "4": { "frames": [5] },
    "5": { "frames": [8] },
    "6": { "frames": [13] },
    "7": { "frames": [10] },
    "8": { "frames": [6] },
    "9": { "frames": [2] },
    "10": { "frames": [0] },
    "11": { "frames": [1] },
    "12": { "frames": [3] },
    "13": { "frames": [15] },
    "14": { "frames": [9] },
    "15": { "frames": [12] }
},

"texturepacker": [
        "SmartUpdateHash: $TexturePacker:SmartUpdate:8e03cfd617f40dbeddd131b67cdecb05:0574f6f973877e0fc8a980a23c43202f:0bfa41ad2432204f88f9f54b9f6b3241$",
        "Created with TexturePacker (https://www.codeandweb.com/texturepacker) for EaselJS"
]

}
